time,class,confidence,bbox
2025-08-24 01:11:32,person,0.7942812442779541,"[479.51385498046875, 113.25657653808594, 515.8048706054688, 238.8833770751953]"
2025-08-24 01:11:32,person,0.6708272695541382,"[540.292236328125, 103.30987548828125, 580.1463623046875, 240.79837036132812]"
2025-08-24 01:11:32,person,0.6689043641090393,"[59.734580993652344, 124.19195556640625, 99.83707427978516, 215.53201293945312]"
2025-08-24 01:11:32,person,0.5675164461135864,"[0.1044464111328125, 196.79397583007812, 41.729591369628906, 323.9779357910156]"
2025-08-24 01:11:32,handbag,0.4702898859977722,"[31.72595977783203, 270.51904296875, 106.25182342529297, 324.78729248046875]"
2025-08-24 01:11:33,person,0.817870020866394,"[479.4269104003906, 113.13463592529297, 515.8865356445312, 238.51837158203125]"
2025-08-24 01:11:33,person,0.6275805830955505,"[540.0966186523438, 103.6518783569336, 579.2865600585938, 238.9813232421875]"
2025-08-24 01:11:33,person,0.5311315059661865,"[0.14962005615234375, 195.8311767578125, 42.34778594970703, 322.7724609375]"
2025-08-24 01:11:33,handbag,0.4797200858592987,"[33.0949821472168, 259.27911376953125, 106.26667785644531, 324.7999267578125]"
2025-08-24 01:11:33,person,0.43747106194496155,"[58.892822265625, 122.00772094726562, 90.47552490234375, 214.79232788085938]"
2025-08-24 01:11:33,person,0.27722084522247314,"[567.5360107421875, 118.57382202148438, 591.87451171875, 195.22042846679688]"
2025-08-24 01:11:33,person,0.7947393655776978,"[479.2879638671875, 113.65278625488281, 515.9192504882812, 238.45973205566406]"
2025-08-24 01:11:33,person,0.6455455422401428,"[540.3635864257812, 103.48645782470703, 577.6740112304688, 239.71316528320312]"
2025-08-24 01:11:33,person,0.56585693359375,"[0.11375045776367188, 196.2415313720703, 41.62309646606445, 324.4320068359375]"
2025-08-24 01:11:33,person,0.4979657530784607,"[52.99995040893555, 123.51034545898438, 88.89131164550781, 213.98056030273438]"
2025-08-24 01:11:33,handbag,0.4817813038825989,"[32.80781555175781, 261.75189208984375, 106.36500549316406, 324.822509765625]"
2025-08-24 01:11:33,person,0.28952300548553467,"[567.5355224609375, 117.75074768066406, 591.630615234375, 197.2801971435547]"
2025-08-24 01:11:33,person,0.7725932598114014,"[479.6117248535156, 113.92234802246094, 515.75830078125, 237.8777618408203]"
2025-08-24 01:11:33,person,0.6680801510810852,"[540.1295776367188, 103.12090301513672, 578.7357788085938, 240.69247436523438]"
2025-08-24 01:11:33,person,0.6138182878494263,"[47.05876541137695, 121.48263549804688, 86.2999267578125, 215.17031860351562]"
2025-08-24 01:11:33,person,0.5890440940856934,"[0.0, 195.1189422607422, 41.13275146484375, 339.95391845703125]"
2025-08-24 01:11:33,handbag,0.4791862666606903,"[33.44535827636719, 259.19134521484375, 106.35160827636719, 324.24603271484375]"
2025-08-24 01:11:33,person,0.25410357117652893,"[568.1015625, 116.79829406738281, 592.79638671875, 197.3865203857422]"
2025-08-24 01:11:33,person,0.7729570269584656,"[478.4273986816406, 113.5737075805664, 514.6869506835938, 238.51980590820312]"
2025-08-24 01:11:33,person,0.6626520156860352,"[539.7885131835938, 103.0612564086914, 577.4990844726562, 240.65328979492188]"
2025-08-24 01:11:33,person,0.6215324401855469,"[45.524574279785156, 120.45993041992188, 83.98055267333984, 214.78045654296875]"
2025-08-24 01:11:33,person,0.5687113404273987,"[0.015750885009765625, 196.01956176757812, 41.214176177978516, 334.7809753417969]"
2025-08-24 01:11:33,handbag,0.49597468972206116,"[33.23861312866211, 262.32879638671875, 106.21636962890625, 324.9052734375]"
2025-08-24 01:11:33,person,0.2594873309135437,"[566.1229248046875, 116.71170043945312, 592.6629638671875, 200.3543701171875]"
2025-08-24 01:11:33,person,0.7899370789527893,"[478.442138671875, 113.40911865234375, 515.28759765625, 238.77197265625]"
2025-08-24 01:11:33,person,0.7145087122917175,"[539.9633178710938, 102.61565399169922, 577.6436157226562, 241.3729248046875]"
2025-08-24 01:11:33,person,0.6770145297050476,"[46.53096008300781, 121.42471313476562, 82.12043762207031, 211.94146728515625]"
2025-08-24 01:11:33,person,0.5646631121635437,"[0.05947303771972656, 196.69680786132812, 41.99473571777344, 333.8955383300781]"
2025-08-24 01:11:33,handbag,0.4704730212688446,"[32.89542007446289, 259.67474365234375, 106.31246948242188, 324.89129638671875]"
2025-08-24 01:11:33,person,0.2706015706062317,"[561.1177978515625, 114.7005615234375, 593.6312255859375, 218.3233642578125]"
2025-08-24 01:11:33,person,0.7662991881370544,"[478.2785339355469, 113.56974792480469, 514.4625244140625, 238.7708282470703]"
2025-08-24 01:11:33,person,0.7528239488601685,"[43.55593490600586, 121.120849609375, 79.51397705078125, 216.79653930664062]"
2025-08-24 01:11:33,person,0.7079036831855774,"[539.9815063476562, 102.97411346435547, 576.1749877929688, 241.13958740234375]"
2025-08-24 01:11:33,person,0.5562319159507751,"[0.04819679260253906, 197.56900024414062, 41.741661071777344, 334.9883728027344]"
2025-08-24 01:11:33,handbag,0.49267926812171936,"[32.805076599121094, 262.54388427734375, 106.09004974365234, 324.99853515625]"
2025-08-24 01:11:33,person,0.298297256231308,"[399.3775329589844, 163.78343200683594, 412.7248229980469, 211.26451110839844]"
2025-08-24 01:11:33,person,0.2740551829338074,"[566.490966796875, 117.41700744628906, 593.802734375, 200.3049774169922]"
2025-08-24 01:11:33,person,0.7981153726577759,"[39.406341552734375, 120.82867431640625, 75.45819854736328, 215.87503051757812]"
2025-08-24 01:11:33,person,0.7731673717498779,"[478.55145263671875, 114.20079040527344, 515.1019287109375, 238.6802215576172]"
2025-08-24 01:11:33,person,0.672092616558075,"[540.3687744140625, 103.2403564453125, 574.8668212890625, 239.04733276367188]"
2025-08-24 01:11:33,person,0.5797418355941772,"[0.07488632202148438, 196.98358154296875, 41.406734466552734, 330.33721923828125]"
2025-08-24 01:11:33,handbag,0.47532084584236145,"[32.956050872802734, 260.271240234375, 106.52996826171875, 324.8851318359375]"
2025-08-24 01:11:33,person,0.3560597002506256,"[398.97235107421875, 163.67837524414062, 413.6522216796875, 210.66534423828125]"
2025-08-24 01:11:33,person,0.3098951280117035,"[560.8632202148438, 114.97389221191406, 593.4022827148438, 220.4089813232422]"
2025-08-24 01:11:33,person,0.8266098499298096,"[36.46372604370117, 120.74592590332031, 73.8087158203125, 214.54017639160156]"
2025-08-24 01:11:33,person,0.7697938084602356,"[478.1360778808594, 114.29338073730469, 514.5700073242188, 238.7594757080078]"
2025-08-24 01:11:33,person,0.6957647800445557,"[540.1624145507812, 103.66905975341797, 574.6393432617188, 240.61834716796875]"
2025-08-24 01:11:33,person,0.559370219707489,"[0.07620620727539062, 197.2177734375, 41.21547317504883, 332.42047119140625]"
2025-08-24 01:11:33,handbag,0.48926594853401184,"[33.12638854980469, 264.0722961425781, 105.963134765625, 324.7725524902344]"
2025-08-24 01:11:33,person,0.32275721430778503,"[398.85382080078125, 161.95985412597656, 412.99322509765625, 212.3060760498047]"
2025-08-24 01:11:33,person,0.28187379240989685,"[560.828125, 114.95347595214844, 593.05322265625, 220.1783905029297]"
2025-08-24 01:11:33,person,0.8346470594406128,"[28.862470626831055, 119.88456726074219, 71.75553131103516, 215.09471130371094]"
2025-08-24 01:11:33,person,0.7396603226661682,"[539.9168090820312, 103.14925384521484, 572.4840698242188, 242.6298828125]"
2025-08-24 01:11:33,person,0.7370548248291016,"[478.5966491699219, 114.3480224609375, 514.8355712890625, 238.4920654296875]"
2025-08-24 01:11:33,person,0.5619869232177734,"[0.11088943481445312, 196.6909942626953, 41.134517669677734, 324.84893798828125]"
2025-08-24 01:11:33,person,0.5369857549667358,"[398.56439208984375, 163.27093505859375, 412.65960693359375, 211.9422607421875]"
2025-08-24 01:11:33,handbag,0.48618319630622864,"[32.593467712402344, 257.55523681640625, 106.47197723388672, 324.813720703125]"
2025-08-24 01:11:33,person,0.4334030747413635,"[561.4479370117188, 116.09852600097656, 592.8241577148438, 222.77464294433594]"
2025-08-24 01:11:33,person,0.8326188921928406,"[24.625682830810547, 120.85324096679688, 70.08534240722656, 215.2991943359375]"
2025-08-24 01:11:33,person,0.7255565524101257,"[478.4651794433594, 114.883056640625, 514.0667114257812, 238.99639892578125]"
2025-08-24 01:11:33,person,0.6989453434944153,"[539.9869384765625, 103.106201171875, 571.4488525390625, 242.01388549804688]"
2025-08-24 01:11:33,person,0.6136393547058105,"[396.9530334472656, 161.55908203125, 412.9498596191406, 212.47531127929688]"
2025-08-24 01:11:33,person,0.5529502630233765,"[0.152984619140625, 197.61959838867188, 41.196449279785156, 321.6858215332031]"
2025-08-24 01:11:33,handbag,0.45929041504859924,"[32.71810531616211, 261.487060546875, 106.31669616699219, 324.55841064453125]"
2025-08-24 01:11:33,person,0.43773066997528076,"[561.2609252929688, 116.45747375488281, 593.2787475585938, 222.66551208496094]"
2025-08-24 01:11:33,person,0.8334813117980957,"[23.497926712036133, 120.33854675292969, 65.89308166503906, 214.2186737060547]"
2025-08-24 01:11:33,person,0.7423917651176453,"[478.3833923339844, 114.8156967163086, 514.318603515625, 239.6669921875]"
2025-08-24 01:11:33,person,0.7161904573440552,"[540.2379150390625, 103.3945541381836, 571.30859375, 242.1751708984375]"
2025-08-24 01:11:33,person,0.7125034332275391,"[394.5633850097656, 161.39186096191406, 413.2645568847656, 214.30812072753906]"
2025-08-24 01:11:33,person,0.5460936427116394,"[0.16563796997070312, 197.79898071289062, 42.528499603271484, 318.3277282714844]"
2025-08-24 01:11:33,handbag,0.4289380609989166,"[32.21253967285156, 261.7710876464844, 106.21174621582031, 324.8437194824219]"
2025-08-24 01:11:33,person,0.4164320230484009,"[562.0175170898438, 116.76690673828125, 592.6532592773438, 220.43902587890625]"
2025-08-24 01:11:33,person,0.8326826691627502,"[20.56075668334961, 121.34739685058594, 65.12983703613281, 216.01380920410156]"
2025-08-24 01:11:33,person,0.7520732879638672,"[478.39031982421875, 114.79012298583984, 514.3218383789062, 240.11166381835938]"
2025-08-24 01:11:33,person,0.7458646297454834,"[392.6502685546875, 162.0166015625, 412.67132568359375, 215.40457153320312]"
2025-08-24 01:11:33,person,0.698998749256134,"[540.4072875976562, 103.71873474121094, 571.6109008789062, 238.62623596191406]"
2025-08-24 01:11:33,person,0.5622669458389282,"[0.1814250946044922, 197.03143310546875, 41.87239074707031, 321.0135498046875]"
2025-08-24 01:11:33,person,0.5050853490829468,"[562.356201171875, 117.05253601074219, 592.631591796875, 221.85179138183594]"
2025-08-24 01:11:33,handbag,0.4352421462535858,"[32.60018539428711, 264.09051513671875, 106.22909545898438, 324.68975830078125]"
2025-08-24 01:11:33,person,0.8048598170280457,"[17.159284591674805, 120.77197265625, 61.159698486328125, 217.32012939453125]"
2025-08-24 01:11:33,person,0.7478120923042297,"[391.1463623046875, 161.91525268554688, 412.60455322265625, 215.345947265625]"
2025-08-24 01:11:33,person,0.7430151104927063,"[478.4741516113281, 115.12957763671875, 514.2046508789062, 239.78314208984375]"
2025-08-24 01:11:33,person,0.7198764085769653,"[540.6013793945312, 104.04731750488281, 571.4784545898438, 239.38917541503906]"
2025-08-24 01:11:33,person,0.5571242570877075,"[0.14402008056640625, 196.37994384765625, 43.70252990722656, 316.66888427734375]"
2025-08-24 01:11:33,person,0.5491154789924622,"[563.049072265625, 117.78895568847656, 591.38525390625, 221.5782928466797]"
2025-08-24 01:11:33,handbag,0.4230235815048218,"[32.348915100097656, 261.1100769042969, 106.29280853271484, 324.8560485839844]"
2025-08-24 01:11:33,person,0.7575780153274536,"[18.552261352539062, 120.58758544921875, 55.90657043457031, 215.52304077148438]"
2025-08-24 01:11:33,person,0.7368326187133789,"[478.7060241699219, 115.29694366455078, 514.4109497070312, 239.53231811523438]"
2025-08-24 01:11:33,person,0.7243193984031677,"[540.5189208984375, 103.5316390991211, 571.7835693359375, 239.89944458007812]"
2025-08-24 01:11:33,person,0.6998947262763977,"[389.3049011230469, 163.0381317138672, 412.2088317871094, 216.0571746826172]"
2025-08-24 01:11:33,person,0.5912917852401733,"[0.1625385284423828, 197.3281707763672, 42.020652770996094, 318.2724304199219]"
2025-08-24 01:11:33,person,0.45585042238235474,"[563.2942504882812, 119.08564758300781, 590.7846069335938, 220.8503875732422]"
2025-08-24 01:11:33,handbag,0.42905014753341675,"[32.430580139160156, 265.8414001464844, 106.05550384521484, 324.8576354980469]"
2025-08-24 01:11:34,person,0.7487576603889465,"[478.51849365234375, 114.7465591430664, 512.7137451171875, 239.87408447265625]"
2025-08-24 01:11:34,person,0.7459471225738525,"[14.182823181152344, 121.10884094238281, 55.39202117919922, 214.44126892089844]"
2025-08-24 01:11:34,person,0.7183398604393005,"[540.6824340820312, 103.23214721679688, 572.0703735351562, 238.41644287109375]"
2025-08-24 01:11:34,person,0.6950262784957886,"[386.9144287109375, 163.44009399414062, 412.18170166015625, 216.37472534179688]"
2025-08-24 01:11:34,person,0.5405365824699402,"[0.08452987670898438, 197.29043579101562, 43.38205337524414, 315.1242980957031]"
2025-08-24 01:11:34,person,0.47066792845726013,"[563.7890625, 117.28561401367188, 592.141845703125, 220.61859130859375]"
2025-08-24 01:11:34,handbag,0.4006741940975189,"[32.414588928222656, 262.1924133300781, 105.7688980102539, 324.8099670410156]"
2025-08-24 01:11:34,person,0.7457193732261658,"[478.16375732421875, 114.7877197265625, 512.505859375, 239.917236328125]"
2025-08-24 01:11:34,person,0.6990906596183777,"[386.4020080566406, 163.292236328125, 411.2767639160156, 216.04217529296875]"
2025-08-24 01:11:34,person,0.6969065070152283,"[540.3377075195312, 102.29554748535156, 574.4542846679688, 239.4391326904297]"
2025-08-24 01:11:34,person,0.6416361927986145,"[12.398721694946289, 121.66877746582031, 47.5338134765625, 213.72401428222656]"
2025-08-24 01:11:34,person,0.5441633462905884,"[0.08407211303710938, 197.34475708007812, 42.821712493896484, 315.4093933105469]"
2025-08-24 01:11:34,handbag,0.4134000539779663,"[32.72792434692383, 268.0457458496094, 105.64898681640625, 324.9217224121094]"
2025-08-24 01:11:34,person,0.3798533082008362,"[564.037109375, 116.73696899414062, 593.294189453125, 222.84695434570312]"
2025-08-24 01:11:34,person,0.7401069402694702,"[477.8482666015625, 114.89237976074219, 512.1658935546875, 239.7779083251953]"
2025-08-24 01:11:34,person,0.7337515950202942,"[385.4350280761719, 162.69271850585938, 410.3050231933594, 215.86502075195312]"
2025-08-24 01:11:34,person,0.7206795811653137,"[540.4622192382812, 102.63494873046875, 573.6251831054688, 240.46206665039062]"
2025-08-24 01:11:34,person,0.6176324486732483,"[563.935302734375, 116.32902526855469, 593.3240966796875, 222.35414123535156]"
2025-08-24 01:11:34,person,0.5309947729110718,"[0.10048484802246094, 197.57025146484375, 43.64581298828125, 315.45611572265625]"
2025-08-24 01:11:34,person,0.46151015162467957,"[8.166709899902344, 120.74050903320312, 43.82204055786133, 214.86447143554688]"
2025-08-24 01:11:34,handbag,0.4237384498119354,"[32.97456359863281, 264.5846862792969, 105.62541198730469, 324.9487609863281]"
2025-08-24 01:11:34,person,0.7715346813201904,"[6.440637588500977, 121.07096862792969, 41.02251434326172, 215.17152404785156]"
2025-08-24 01:11:34,person,0.7704550623893738,"[385.3252258300781, 162.01925659179688, 408.8637390136719, 216.52496337890625]"
2025-08-24 01:11:34,person,0.7394248843193054,"[477.996826171875, 114.70590209960938, 512.1674194335938, 239.91799926757812]"
2025-08-24 01:11:34,person,0.7294926643371582,"[540.5362548828125, 102.78594207763672, 572.209228515625, 239.77117919921875]"
2025-08-24 01:11:34,person,0.6789147853851318,"[563.4890747070312, 115.95209503173828, 593.7614135742188, 222.82449340820312]"
2025-08-24 01:11:34,person,0.5593184232711792,"[0.07819366455078125, 198.09043884277344, 42.06682586669922, 315.338623046875]"
2025-08-24 01:11:34,handbag,0.44308388233184814,"[33.170040130615234, 264.23004150390625, 105.65199279785156, 324.9677734375]"
2025-08-24 01:11:34,person,0.765479326248169,"[4.731256484985352, 121.29367065429688, 39.72705841064453, 215.67807006835938]"
2025-08-24 01:11:34,person,0.7615591883659363,"[383.47821044921875, 161.97784423828125, 408.09991455078125, 214.31582641601562]"
2025-08-24 01:11:34,person,0.7404999732971191,"[477.8642883300781, 114.9096450805664, 511.9864196777344, 239.74520874023438]"
2025-08-24 01:11:34,person,0.7091197371482849,"[540.5339965820312, 101.87738037109375, 574.8031616210938, 240.85250854492188]"
2025-08-24 01:11:34,person,0.6043541431427002,"[563.45068359375, 115.3876953125, 593.44189453125, 221.68707275390625]"
2025-08-24 01:11:34,person,0.5231335163116455,"[0.08539390563964844, 200.38589477539062, 41.704063415527344, 315.1351623535156]"
2025-08-24 01:11:34,handbag,0.4364546537399292,"[33.50008010864258, 264.56219482421875, 105.63035583496094, 325.00048828125]"
2025-08-24 01:11:34,person,0.766289472579956,"[3.800565719604492, 120.30918884277344, 35.571006774902344, 214.25660705566406]"
2025-08-24 01:11:34,person,0.7451829314231873,"[382.67535400390625, 161.952392578125, 406.47698974609375, 214.8565673828125]"
2025-08-24 01:11:34,person,0.7305667400360107,"[477.869384765625, 114.78661346435547, 511.80908203125, 239.60760498046875]"
2025-08-24 01:11:34,person,0.6959056258201599,"[540.44287109375, 101.72689056396484, 576.8377685546875, 240.4854736328125]"
2025-08-24 01:11:34,person,0.5288589000701904,"[0.06559371948242188, 199.65866088867188, 41.598270416259766, 315.2134704589844]"
2025-08-24 01:11:34,person,0.5249558091163635,"[563.3930053710938, 115.30103302001953, 593.2421264648438, 220.95541381835938]"
2025-08-24 01:11:34,handbag,0.4436839520931244,"[33.387611389160156, 266.9188537597656, 105.51744842529297, 325.0428161621094]"
2025-08-24 01:11:34,person,0.7224230170249939,"[477.9300842285156, 115.50066375732422, 510.8035583496094, 239.66094970703125]"
2025-08-24 01:11:34,person,0.7055695652961731,"[540.2359008789062, 101.88924407958984, 574.4598999023438, 240.56008911132812]"
2025-08-24 01:11:34,person,0.6983090043067932,"[2.313605308532715, 121.59768676757812, 33.11986541748047, 214.55685424804688]"
2025-08-24 01:11:34,person,0.698252260684967,"[382.7151184082031, 161.91802978515625, 403.7630310058594, 215.643310546875]"
2025-08-24 01:11:34,person,0.5918476581573486,"[563.2766723632812, 115.37335968017578, 593.2102661132812, 221.384521484375]"
2025-08-24 01:11:34,person,0.5056338906288147,"[0.08914756774902344, 199.41937255859375, 41.92918395996094, 315.01708984375]"
2025-08-24 01:11:34,handbag,0.4566701054573059,"[33.24543380737305, 269.5465087890625, 105.39320373535156, 325.10467529296875]"
2025-08-24 01:11:34,person,0.7514547109603882,"[540.391845703125, 102.13902282714844, 572.4605712890625, 240.29405212402344]"
2025-08-24 01:11:34,person,0.7271628975868225,"[380.4703369140625, 162.87551879882812, 402.49029541015625, 216.220947265625]"
2025-08-24 01:11:34,person,0.7265075445175171,"[477.9546813964844, 114.89331817626953, 514.125, 240.38238525390625]"
2025-08-24 01:11:34,person,0.7196573615074158,"[0.3469257354736328, 122.07279968261719, 31.288663864135742, 215.90525817871094]"
2025-08-24 01:11:34,person,0.6918013095855713,"[563.593017578125, 115.11164855957031, 593.95849609375, 222.0443878173828]"
2025-08-24 01:11:34,handbag,0.45386114716529846,"[34.1064453125, 269.5382995605469, 105.34037780761719, 325.3310241699219]"
2025-08-24 01:11:34,person,0.44827884435653687,"[0.11556625366210938, 198.85409545898438, 42.231136322021484, 315.9776306152344]"
2025-08-24 01:11:34,person,0.7757157683372498,"[540.707763671875, 102.26053619384766, 571.552978515625, 240.46630859375]"
2025-08-24 01:11:34,person,0.7480613589286804,"[564.0379638671875, 115.60954284667969, 594.3367919921875, 221.93629455566406]"
2025-08-24 01:11:34,person,0.7149768471717834,"[0.13776874542236328, 122.54837036132812, 29.097564697265625, 214.78036499023438]"
2025-08-24 01:11:34,person,0.7101542353630066,"[478.0011291503906, 114.86697387695312, 514.4588623046875, 240.5360107421875]"
2025-08-24 01:11:34,person,0.6506376266479492,"[379.2684326171875, 162.57546997070312, 399.981689453125, 216.2132568359375]"
2025-08-24 01:11:34,person,0.49046626687049866,"[0.13637542724609375, 199.15711975097656, 41.987403869628906, 316.0897521972656]"
2025-08-24 01:11:34,handbag,0.45088109374046326,"[34.00084686279297, 268.97314453125, 105.41316986083984, 325.22576904296875]"
2025-08-24 01:11:34,person,0.7817279100418091,"[540.8526611328125, 102.24755859375, 572.3685302734375, 241.0325927734375]"
2025-08-24 01:11:34,person,0.7386161088943481,"[564.2652587890625, 116.37831115722656, 593.9305419921875, 220.8861541748047]"
2025-08-24 01:11:34,person,0.7096177339553833,"[478.1109924316406, 114.91968536376953, 514.396728515625, 240.60848999023438]"
2025-08-24 01:11:34,person,0.6319602131843567,"[378.91607666015625, 162.8927001953125, 398.29388427734375, 215.6436767578125]"
2025-08-24 01:11:34,person,0.5710573196411133,"[0.12426185607910156, 121.63186645507812, 29.290510177612305, 218.73934936523438]"
2025-08-24 01:11:34,handbag,0.4368862509727478,"[33.935890197753906, 267.6866455078125, 105.49188995361328, 325.07196044921875]"
2025-08-24 01:11:34,person,0.4251464903354645,"[0.11037445068359375, 198.85910034179688, 42.319114685058594, 315.7050476074219]"
2025-08-24 01:11:34,person,0.7819698452949524,"[540.9057006835938, 102.47716522216797, 571.9297485351562, 241.82379150390625]"
2025-08-24 01:11:34,person,0.7450405955314636,"[376.3769836425781, 162.65065002441406, 396.7014465332031, 216.27980041503906]"
2025-08-24 01:11:34,person,0.7389434576034546,"[563.915771484375, 116.93017578125, 594.2103271484375, 220.26507568359375]"
2025-08-24 01:11:34,person,0.703956127166748,"[478.5209045410156, 116.22767639160156, 514.952392578125, 238.8430633544922]"
2025-08-24 01:11:34,handbag,0.41179409623146057,"[33.80059814453125, 266.5836181640625, 105.5263671875, 324.90460205078125]"
2025-08-24 01:11:34,person,0.37308016419410706,"[0.0, 121.97663879394531, 26.136070251464844, 219.72325134277344]"
2025-08-24 01:11:34,person,0.33531126379966736,"[0.1407451629638672, 197.51353454589844, 43.44963073730469, 315.6900329589844]"
2025-08-24 01:11:34,person,0.7697873115539551,"[540.9263916015625, 102.69679260253906, 572.2713623046875, 241.40196228027344]"
2025-08-24 01:11:34,person,0.7685162425041199,"[374.657470703125, 164.21661376953125, 395.65228271484375, 216.50100708007812]"
2025-08-24 01:11:34,person,0.7628848552703857,"[564.4381103515625, 117.61325073242188, 594.0966796875, 217.83038330078125]"
2025-08-24 01:11:34,person,0.7012821435928345,"[478.32562255859375, 115.82582092285156, 512.2579956054688, 239.0843048095703]"
2025-08-24 01:11:34,handbag,0.3851827085018158,"[33.86541748046875, 266.1257629394531, 105.49574279785156, 324.9123840332031]"
2025-08-24 01:11:34,person,0.2966485023498535,"[0.3540992736816406, 127.12353515625, 79.76264953613281, 326.3734130859375]"
2025-08-24 01:11:34,person,0.7947983741760254,"[564.81982421875, 117.28494262695312, 594.3232421875, 218.81478881835938]"
2025-08-24 01:11:34,person,0.7688942551612854,"[540.9859619140625, 102.32581329345703, 572.0247802734375, 241.04583740234375]"
2025-08-24 01:11:34,person,0.7217785120010376,"[369.3029479980469, 163.105712890625, 394.9533996582031, 215.63201904296875]"
2025-08-24 01:11:34,person,0.6888275742530823,"[478.2346496582031, 115.86212158203125, 511.6623840332031, 239.05545043945312]"
2025-08-24 01:11:34,handbag,0.4150516092777252,"[33.84738540649414, 266.068359375, 105.46528625488281, 324.99041748046875]"
2025-08-24 01:11:34,person,0.3470320403575897,"[0.0, 140.36167907714844, 47.51079559326172, 317.59307861328125]"
2025-08-24 01:11:34,person,0.8161686658859253,"[564.3583984375, 116.89485168457031, 594.9981689453125, 220.1690216064453]"
2025-08-24 01:11:34,person,0.7708371877670288,"[541.0043334960938, 102.41549682617188, 571.2020874023438, 240.6903076171875]"
2025-08-24 01:11:34,person,0.7010335326194763,"[478.1531066894531, 115.65599060058594, 512.4296264648438, 239.20323181152344]"
2025-08-24 01:11:34,person,0.6892152428627014,"[367.1137390136719, 163.6154022216797, 394.2958068847656, 215.6812286376953]"
2025-08-24 01:11:34,handbag,0.4111674726009369,"[33.95845031738281, 267.3941650390625, 105.39749145507812, 324.94683837890625]"
2025-08-24 01:11:34,person,0.3426167368888855,"[0.0, 146.24929809570312, 45.49634552001953, 316.25946044921875]"
2025-08-24 01:11:34,person,0.8148763179779053,"[565.7994384765625, 117.241943359375, 595.141845703125, 222.42935180664062]"
2025-08-24 01:11:34,person,0.7737394571304321,"[540.8670654296875, 102.46678161621094, 571.2677001953125, 240.85292053222656]"
2025-08-24 01:11:34,person,0.712165892124176,"[478.01470947265625, 115.51858520507812, 513.17236328125, 239.17453002929688]"
2025-08-24 01:11:34,person,0.6092360019683838,"[367.45880126953125, 163.43116760253906, 391.88287353515625, 216.29063415527344]"
2025-08-24 01:11:34,handbag,0.423368901014328,"[33.74807357788086, 266.4676818847656, 105.39938354492188, 324.9665222167969]"
2025-08-24 01:11:34,person,0.3414086699485779,"[0.0, 152.01181030273438, 44.869354248046875, 315.9312438964844]"
2025-08-24 01:11:35,person,0.8009846806526184,"[565.3338623046875, 116.94331359863281, 594.8538818359375, 220.7951202392578]"
2025-08-24 01:11:35,person,0.7786522507667542,"[540.9876708984375, 102.54402160644531, 570.8868408203125, 241.49256896972656]"
2025-08-24 01:11:35,person,0.7170908451080322,"[477.90020751953125, 115.61166381835938, 513.1617431640625, 239.08453369140625]"
2025-08-24 01:11:35,handbag,0.43736881017684937,"[33.99032211303711, 264.06329345703125, 105.45533752441406, 324.82196044921875]"
2025-08-24 01:11:35,person,0.3625992238521576,"[0.0, 156.2066650390625, 44.85327911376953, 315.9016418457031]"
2025-08-24 01:11:35,person,0.27739930152893066,"[366.20538330078125, 164.98678588867188, 389.99798583984375, 215.82260131835938]"
2025-08-24 01:11:35,person,0.779621422290802,"[564.4918823242188, 116.33848571777344, 595.3571166992188, 219.6824493408203]"
2025-08-24 01:11:35,person,0.7680280208587646,"[540.8978881835938, 103.07623291015625, 570.1586303710938, 241.40521240234375]"
2025-08-24 01:11:35,person,0.7301662564277649,"[477.86395263671875, 115.30220031738281, 513.3069458007812, 239.4162139892578]"
2025-08-24 01:11:35,person,0.44676223397254944,"[0.17338180541992188, 196.05006408691406, 42.73643112182617, 315.70159912109375]"
2025-08-24 01:11:35,handbag,0.4419019818305969,"[33.763221740722656, 265.11370849609375, 105.40596771240234, 324.879638671875]"
2025-08-24 01:11:35,person,0.3316764831542969,"[367.1903381347656, 164.44924926757812, 387.8210144042969, 216.11016845703125]"
2025-08-24 01:11:35,person,0.77467942237854,"[563.4625244140625, 116.4560546875, 595.5113525390625, 219.36474609375]"
2025-08-24 01:11:35,person,0.7583116888999939,"[477.97076416015625, 114.37471008300781, 514.8636474609375, 240.52635192871094]"
2025-08-24 01:11:35,person,0.7442365884780884,"[540.727783203125, 103.4434814453125, 569.4644775390625, 240.650146484375]"
2025-08-24 01:11:35,handbag,0.4359339773654938,"[33.69955825805664, 264.0707702636719, 105.42826843261719, 324.8263854980469]"
2025-08-24 01:11:35,person,0.41815632581710815,"[0.1904315948486328, 195.3447723388672, 42.63471221923828, 316.53515625]"
2025-08-24 01:11:35,person,0.2899089455604553,"[363.2323303222656, 163.56033325195312, 386.6668395996094, 216.35614013671875]"
2025-08-24 01:11:35,person,0.7613514065742493,"[540.749755859375, 102.62385559082031, 570.211181640625, 241.7328643798828]"
2025-08-24 01:11:35,person,0.7587775588035583,"[477.8500671386719, 114.29901885986328, 514.9080810546875, 240.62820434570312]"
2025-08-24 01:11:35,person,0.7573601603507996,"[564.1200561523438, 116.40707397460938, 595.5371704101562, 219.21841430664062]"
2025-08-24 01:11:35,handbag,0.4364911615848541,"[33.65766906738281, 262.78582763671875, 105.39027404785156, 324.8756103515625]"
2025-08-24 01:11:35,person,0.4134698510169983,"[0.190399169921875, 195.25025939941406, 42.5723876953125, 317.2940673828125]"
2025-08-24 01:11:35,person,0.3397738039493561,"[362.241455078125, 162.00662231445312, 385.77764892578125, 215.53497314453125]"
2025-08-24 01:11:35,person,0.7895227670669556,"[478.01251220703125, 113.21182250976562, 515.8648071289062, 240.46029663085938]"
2025-08-24 01:11:35,person,0.7624515891075134,"[540.7897338867188, 102.53565216064453, 571.6802368164062, 240.74569702148438]"
2025-08-24 01:11:35,person,0.6099684238433838,"[564.5073852539062, 114.99740600585938, 596.4613647460938, 220.08609008789062]"
2025-08-24 01:11:35,person,0.4613095223903656,"[0.22464752197265625, 196.3874053955078, 43.91357421875, 315.7213439941406]"
2025-08-24 01:11:35,handbag,0.422526091337204,"[33.4498176574707, 264.0113830566406, 105.38690185546875, 325.1097717285156]"
2025-08-24 01:11:35,person,0.288232684135437,"[361.49725341796875, 161.74893188476562, 382.02398681640625, 215.74151611328125]"
2025-08-24 01:11:35,person,0.7861782908439636,"[477.7442626953125, 113.23274230957031, 515.79345703125, 240.49659729003906]"
2025-08-24 01:11:35,person,0.7362348437309265,"[540.9402465820312, 102.63873291015625, 571.8617553710938, 240.11483764648438]"
2025-08-24 01:11:35,person,0.5990926027297974,"[565.2940063476562, 114.81973266601562, 596.5101928710938, 219.47808837890625]"
2025-08-24 01:11:35,person,0.4922739267349243,"[0.17467689514160156, 196.48483276367188, 44.136878967285156, 315.7741394042969]"
2025-08-24 01:11:35,handbag,0.4174378514289856,"[33.26150894165039, 264.8115234375, 105.32467651367188, 325.2628173828125]"
2025-08-24 01:11:35,person,0.256087064743042,"[360.91094970703125, 160.13882446289062, 380.05999755859375, 215.28289794921875]"
2025-08-24 01:11:35,person,0.7761752605438232,"[477.4950256347656, 113.23387145996094, 515.7964477539062, 240.8286895751953]"
2025-08-24 01:11:35,person,0.7494853138923645,"[541.174560546875, 102.37838745117188, 570.9776611328125, 241.48092651367188]"
2025-08-24 01:11:35,person,0.5379400253295898,"[565.1849365234375, 115.36245727539062, 596.3121337890625, 218.83740234375]"
2025-08-24 01:11:35,person,0.4995097219944,"[0.2034893035888672, 197.08990478515625, 43.95796203613281, 315.86639404296875]"
2025-08-24 01:11:35,handbag,0.4115116596221924,"[33.40739822387695, 265.125, 105.33903503417969, 325.29974365234375]"
2025-08-24 01:11:35,person,0.7844545245170593,"[541.3029174804688, 102.16825103759766, 570.8281860351562, 241.61441040039062]"
2025-08-24 01:11:35,person,0.7730257511138916,"[477.2691955566406, 113.21022033691406, 515.6427001953125, 240.87998962402344]"
2025-08-24 01:11:35,person,0.653018057346344,"[565.6859130859375, 115.33739471435547, 597.058837890625, 220.663818359375]"
2025-08-24 01:11:35,person,0.4939367473125458,"[0.2048511505126953, 197.10693359375, 43.74224090576172, 315.91827392578125]"
2025-08-24 01:11:35,handbag,0.40921199321746826,"[33.67036437988281, 265.91363525390625, 105.30723571777344, 325.3358154296875]"
2025-08-24 01:11:35,person,0.7899962067604065,"[541.3193359375, 102.3924789428711, 570.33984375, 241.13211059570312]"
2025-08-24 01:11:35,person,0.7629858255386353,"[477.3512268066406, 113.25672149658203, 515.4833374023438, 240.853759765625]"
2025-08-24 01:11:35,person,0.6032096147537231,"[565.8248901367188, 116.20535278320312, 596.7330932617188, 221.09170532226562]"
2025-08-24 01:11:35,person,0.4955091178417206,"[0.22673797607421875, 197.97317504882812, 43.779579162597656, 316.0859069824219]"
2025-08-24 01:11:35,handbag,0.3967355787754059,"[33.88430404663086, 267.7218017578125, 105.26870727539062, 325.37646484375]"
2025-08-24 01:11:35,person,0.7834933996200562,"[541.3419189453125, 102.78880310058594, 570.2120361328125, 240.9600067138672]"
2025-08-24 01:11:35,person,0.7604666948318481,"[477.3664855957031, 113.35975646972656, 515.3964233398438, 240.8070831298828]"
2025-08-24 01:11:35,person,0.6772621273994446,"[569.8048095703125, 117.61747741699219, 599.389404296875, 222.7469024658203]"
2025-08-24 01:11:35,person,0.4768306314945221,"[0.23228836059570312, 198.28636169433594, 43.76201248168945, 315.7137145996094]"
2025-08-24 01:11:35,handbag,0.3859825134277344,"[33.79403305053711, 268.4407653808594, 105.28668212890625, 325.4015197753906]"
2025-08-24 01:11:35,person,0.775034487247467,"[541.2411499023438, 102.58199310302734, 569.6382446289062, 240.71060180664062]"
2025-08-24 01:11:35,person,0.7571811079978943,"[477.4912414550781, 113.35916137695312, 515.3508911132812, 240.750244140625]"
2025-08-24 01:11:35,person,0.7121172547340393,"[571.2901000976562, 116.37718200683594, 599.3904418945312, 222.27235412597656]"
2025-08-24 01:11:35,person,0.47421541810035706,"[0.23963165283203125, 198.40139770507812, 43.88304901123047, 315.6495056152344]"
2025-08-24 01:11:35,handbag,0.38460874557495117,"[33.751182556152344, 268.35064697265625, 105.28754425048828, 325.3699951171875]"
2025-08-24 01:11:35,person,0.7613467574119568,"[477.614013671875, 113.38176727294922, 515.4049682617188, 240.60162353515625]"
2025-08-24 01:11:35,person,0.7451268434524536,"[541.1204223632812, 102.29203796386719, 570.6205444335938, 240.15675354003906]"
2025-08-24 01:11:35,person,0.5911768078804016,"[570.1614379882812, 116.68939208984375, 599.1693725585938, 222.43496704101562]"
2025-08-24 01:11:35,person,0.4695042073726654,"[0.241058349609375, 198.4896240234375, 44.009368896484375, 315.5955810546875]"
2025-08-24 01:11:35,handbag,0.3818209767341614,"[33.769615173339844, 268.3941345214844, 105.30071258544922, 325.3764953613281]"
2025-08-24 01:11:35,person,0.7524569034576416,"[477.6972351074219, 113.56562805175781, 515.3546752929688, 240.4608612060547]"
2025-08-24 01:11:35,person,0.747495174407959,"[541.1724853515625, 101.90540313720703, 570.8804931640625, 240.26577758789062]"
2025-08-24 01:11:35,person,0.5653604865074158,"[571.0867309570312, 118.44486999511719, 598.4027709960938, 220.9035186767578]"
2025-08-24 01:11:35,person,0.4566464126110077,"[0.24124526977539062, 198.41416931152344, 44.65925216674805, 315.5713806152344]"
2025-08-24 01:11:35,handbag,0.38489773869514465,"[33.82398223876953, 267.9075622558594, 105.28955841064453, 325.3739318847656]"
2025-08-24 01:11:35,person,0.7560530304908752,"[541.1170043945312, 101.88070678710938, 570.3007202148438, 240.0665283203125]"
2025-08-24 01:11:35,person,0.7522134184837341,"[477.4371337890625, 113.44833374023438, 515.4158325195312, 240.57308959960938]"
2025-08-24 01:11:35,person,0.5695489048957825,"[571.2887573242188, 119.26567077636719, 597.8469848632812, 221.1546173095703]"
2025-08-24 01:11:35,person,0.45405736565589905,"[0.2598419189453125, 198.48529052734375, 44.76896667480469, 315.83978271484375]"
2025-08-24 01:11:35,handbag,0.38304153084754944,"[33.91606903076172, 267.3384094238281, 105.38520050048828, 325.3755187988281]"
2025-08-24 01:11:35,backpack,0.27555590867996216,"[482.0439147949219, 130.15989685058594, 506.1971740722656, 170.0378875732422]"
2025-08-24 01:11:35,person,0.7622424364089966,"[541.0858764648438, 101.7958984375, 569.9722290039062, 240.84097290039062]"
2025-08-24 01:11:35,person,0.7537108063697815,"[477.36859130859375, 113.35667419433594, 515.4855346679688, 240.74366760253906]"
2025-08-24 01:11:35,person,0.5778723955154419,"[571.0437622070312, 119.77006530761719, 597.7987670898438, 221.52967834472656]"
2025-08-24 01:11:35,person,0.4574161767959595,"[0.23694992065429688, 198.40524291992188, 44.77944564819336, 315.7043762207031]"
2025-08-24 01:11:35,handbag,0.3951173424720764,"[33.8227424621582, 268.3288879394531, 105.33430480957031, 325.4289245605469]"
2025-08-24 01:11:35,backpack,0.28730639815330505,"[481.83477783203125, 129.88499450683594, 506.27618408203125, 170.3258819580078]"
2025-08-24 01:11:35,person,0.7672507166862488,"[541.2631225585938, 101.92179870605469, 570.0548706054688, 241.40928649902344]"
2025-08-24 01:11:35,person,0.7595070600509644,"[477.49517822265625, 113.35635375976562, 515.3780517578125, 240.807373046875]"
2025-08-24 01:11:35,person,0.5170709490776062,"[573.5259399414062, 122.22897338867188, 597.8211059570312, 219.94247436523438]"
2025-08-24 01:11:35,person,0.456585168838501,"[0.23802947998046875, 198.3065185546875, 44.828147888183594, 315.61328125]"
2025-08-24 01:11:35,handbag,0.38244810700416565,"[33.8879280090332, 266.5533447265625, 105.30587768554688, 325.36480712890625]"
2025-08-24 01:11:35,backpack,0.27396175265312195,"[481.79632568359375, 130.63551330566406, 506.192138671875, 170.3774871826172]"
2025-08-24 01:11:36,person,0.7822636961936951,"[541.4390869140625, 102.09567260742188, 570.2532958984375, 242.23556518554688]"
2025-08-24 01:11:36,person,0.7568796873092651,"[477.5709228515625, 113.4147720336914, 515.1689453125, 240.78485107421875]"
2025-08-24 01:11:36,person,0.6058294773101807,"[574.2787475585938, 123.61293029785156, 598.1068725585938, 219.47023010253906]"
2025-08-24 01:11:36,person,0.4609537124633789,"[0.2343425750732422, 198.1884307861328, 44.683631896972656, 315.6911315917969]"
2025-08-24 01:11:36,handbag,0.3837454617023468,"[33.8239631652832, 266.1399230957031, 105.28196716308594, 325.3435974121094]"
2025-08-24 01:11:36,backpack,0.3018374741077423,"[481.866943359375, 130.88572692871094, 505.958984375, 170.4429168701172]"
2025-08-24 01:11:36,person,0.7970322966575623,"[541.51123046875, 102.31598663330078, 570.20703125, 242.59738159179688]"
2025-08-24 01:11:36,person,0.7592015862464905,"[477.5576477050781, 113.45103454589844, 515.1306762695312, 240.73121643066406]"
2025-08-24 01:11:36,person,0.558917224407196,"[573.6385498046875, 124.584228515625, 599.2091064453125, 219.62344360351562]"
2025-08-24 01:11:36,person,0.46962419152259827,"[0.23296356201171875, 198.20135498046875, 44.401275634765625, 315.84014892578125]"
2025-08-24 01:11:36,handbag,0.3881261646747589,"[33.717777252197266, 266.351806640625, 105.25332641601562, 325.33111572265625]"
2025-08-24 01:11:36,backpack,0.2900204658508301,"[481.8311767578125, 130.80136108398438, 505.93707275390625, 170.49554443359375]"
2025-08-24 01:11:36,person,0.8054662942886353,"[541.5677490234375, 102.156005859375, 570.09228515625, 242.94830322265625]"
2025-08-24 01:11:36,person,0.7605268359184265,"[478.0413818359375, 114.22613525390625, 515.7769775390625, 240.0576171875]"
2025-08-24 01:11:36,person,0.49263903498649597,"[0.2023029327392578, 197.87449645996094, 44.00791931152344, 316.02166748046875]"
2025-08-24 01:11:36,person,0.48200416564941406,"[573.6365356445312, 125.36480712890625, 599.5752563476562, 219.53323364257812]"
2025-08-24 01:11:36,handbag,0.41298890113830566,"[33.83280944824219, 267.12139892578125, 105.22227478027344, 325.3502197265625]"
2025-08-24 01:11:36,backpack,0.28588536381721497,"[481.87615966796875, 130.6220703125, 505.9130859375, 170.24374389648438]"
2025-08-24 01:11:36,person,0.7824145555496216,"[541.470947265625, 102.50321197509766, 569.7808837890625, 242.42587280273438]"
2025-08-24 01:11:36,person,0.7621020078659058,"[478.1064147949219, 114.67306518554688, 515.6336669921875, 240.02285766601562]"
2025-08-24 01:11:36,person,0.4882841408252716,"[0.20038986206054688, 197.87782287597656, 43.91103744506836, 315.97161865234375]"
2025-08-24 01:11:36,handbag,0.4115523099899292,"[33.86498260498047, 267.2578430175781, 105.2215347290039, 325.3546447753906]"
2025-08-24 01:11:36,person,0.3991304934024811,"[334.0046081542969, 163.9217071533203, 348.8363952636719, 215.90455627441406]"
2025-08-24 01:11:36,person,0.3510957360267639,"[573.0831909179688, 126.27261352539062, 599.8992309570312, 219.45547485351562]"
2025-08-24 01:11:36,person,0.7663701176643372,"[541.4172973632812, 102.4223861694336, 570.1782836914062, 241.913818359375]"
2025-08-24 01:11:36,person,0.7593653798103333,"[477.8268127441406, 113.89541625976562, 515.0018310546875, 240.75216674804688]"
2025-08-24 01:11:36,person,0.656002938747406,"[331.65478515625, 162.22357177734375, 348.8914794921875, 217.94192504882812]"
2025-08-24 01:11:36,person,0.49038243293762207,"[0.2077178955078125, 197.9060821533203, 43.69219970703125, 316.0142822265625]"
2025-08-24 01:11:36,handbag,0.41155463457107544,"[33.834774017333984, 266.757080078125, 105.23234558105469, 325.32830810546875]"
2025-08-24 01:11:36,person,0.25906282663345337,"[574.95751953125, 126.99185180664062, 599.8817138671875, 217.85540771484375]"
2025-08-24 01:11:36,person,0.7687343955039978,"[541.371826171875, 101.916015625, 570.4969482421875, 241.542236328125]"
2025-08-24 01:11:36,person,0.7500500082969666,"[477.8125305175781, 113.88981628417969, 514.8485107421875, 240.80531311035156]"
2025-08-24 01:11:36,person,0.7416207194328308,"[330.28387451171875, 161.9637451171875, 348.302734375, 218.46859741210938]"
2025-08-24 01:11:36,person,0.4987023174762726,"[0.2010974884033203, 197.97598266601562, 43.60035705566406, 315.9963684082031]"
2025-08-24 01:11:36,handbag,0.41932106018066406,"[33.91557312011719, 267.3565673828125, 105.24688720703125, 325.33636474609375]"
2025-08-24 01:11:36,person,0.7597642540931702,"[477.7405090332031, 114.12556457519531, 515.09814453125, 240.7633819580078]"
2025-08-24 01:11:36,person,0.7485736608505249,"[541.3714599609375, 102.55435943603516, 570.922607421875, 240.2044677734375]"
2025-08-24 01:11:36,person,0.7342785000801086,"[327.5686340332031, 162.69461059570312, 347.8098449707031, 218.566650390625]"
2025-08-24 01:11:36,person,0.5226152539253235,"[0.17168426513671875, 197.9071044921875, 44.37312316894531, 315.8321533203125]"
2025-08-24 01:11:36,handbag,0.4316786229610443,"[34.082454681396484, 265.9380187988281, 105.15786743164062, 325.3479309082031]"
2025-08-24 01:11:36,person,0.7636898159980774,"[477.9254455566406, 114.07403564453125, 515.2953491210938, 240.74359130859375]"
2025-08-24 01:11:36,person,0.7462811470031738,"[541.4771118164062, 102.59876251220703, 570.6668090820312, 240.19345092773438]"
2025-08-24 01:11:36,person,0.5429129004478455,"[325.8377990722656, 162.2945098876953, 348.1402893066406, 219.17945861816406]"
2025-08-24 01:11:36,person,0.5290018916130066,"[0.17581939697265625, 197.86630249023438, 44.208282470703125, 315.9843444824219]"
2025-08-24 01:11:36,handbag,0.43344220519065857,"[34.108055114746094, 266.0495910644531, 105.15799713134766, 325.3623962402344]"
2025-08-24 01:11:36,person,0.2860027253627777,"[576.7362670898438, 129.28323364257812, 599.7354125976562, 215.80099487304688]"
2025-08-24 01:11:36,person,0.7595480680465698,"[478.0350036621094, 113.81782531738281, 515.4385986328125, 240.8146209716797]"
2025-08-24 01:11:36,person,0.7563751339912415,"[541.3414306640625, 102.85859680175781, 571.350830078125, 240.5229949951172]"
2025-08-24 01:11:36,person,0.5675008893013,"[323.3270263671875, 164.1461639404297, 347.64337158203125, 219.08140563964844]"
2025-08-24 01:11:36,person,0.5269172191619873,"[0.1854839324951172, 197.91078186035156, 44.270286560058594, 316.1958923339844]"
2025-08-24 01:11:36,handbag,0.4333231747150421,"[34.163841247558594, 265.4853515625, 105.21363067626953, 325.320068359375]"
2025-08-24 01:11:36,person,0.7567132711410522,"[478.1341857910156, 113.87017822265625, 515.2426147460938, 240.66891479492188]"
2025-08-24 01:11:36,person,0.7549626231193542,"[541.5091552734375, 102.74052429199219, 571.8551025390625, 240.8285675048828]"
2025-08-24 01:11:36,person,0.5981095433235168,"[320.7235412597656, 160.60462951660156, 344.7648620605469, 217.8872528076172]"
2025-08-24 01:11:36,person,0.5284534096717834,"[0.1853179931640625, 197.89013671875, 44.15602111816406, 316.19635009765625]"
2025-08-24 01:11:36,handbag,0.430115282535553,"[34.19750213623047, 265.5926208496094, 105.24588775634766, 325.3274841308594]"
2025-08-24 01:11:36,person,0.7862282395362854,"[318.5314025878906, 162.75254821777344, 340.9316101074219, 218.26039123535156]"
2025-08-24 01:11:36,person,0.7587319016456604,"[478.433349609375, 114.6268310546875, 515.5827026367188, 240.21414184570312]"
2025-08-24 01:11:36,person,0.7466658353805542,"[541.4532470703125, 102.58332061767578, 572.5654296875, 240.60641479492188]"
2025-08-24 01:11:36,person,0.5239084959030151,"[0.16204833984375, 197.48809814453125, 44.437774658203125, 315.991943359375]"
2025-08-24 01:11:36,handbag,0.42379868030548096,"[34.22967529296875, 265.760986328125, 105.25495910644531, 325.3231201171875]"
2025-08-24 01:11:36,person,0.2744831442832947,"[580.258056640625, 129.21087646484375, 602.55419921875, 220.64981079101562]"
2025-08-24 01:11:36,person,0.8004101514816284,"[316.2888488769531, 160.5714569091797, 339.7417297363281, 218.6165008544922]"
2025-08-24 01:11:36,person,0.7592227458953857,"[478.40423583984375, 114.49969482421875, 515.57568359375, 240.27734375]"
2025-08-24 01:11:36,person,0.7232378721237183,"[541.3529052734375, 102.42378234863281, 572.88720703125, 240.46705627441406]"
2025-08-24 01:11:36,person,0.5294864773750305,"[0.18056869506835938, 197.4819793701172, 44.037357330322266, 316.19610595703125]"
2025-08-24 01:11:36,handbag,0.4179929494857788,"[34.15458679199219, 266.21075439453125, 105.2733154296875, 325.296875]"
2025-08-24 01:11:36,person,0.26210179924964905,"[578.388671875, 131.2430419921875, 600.1131591796875, 212.38641357421875]"
2025-08-24 01:11:36,cup,0.25640034675598145,"[548.4814453125, 205.31625366210938, 561.6505126953125, 238.18557739257812]"
2025-08-24 01:11:36,person,0.7764245867729187,"[312.6122131347656, 160.1902618408203, 338.5378723144531, 218.59922790527344]"
2025-08-24 01:11:36,person,0.768056333065033,"[478.38519287109375, 114.23724365234375, 515.5773315429688, 240.307861328125]"
2025-08-24 01:11:36,person,0.7247000336647034,"[541.36376953125, 102.26667785644531, 572.0201416015625, 240.5891571044922]"
2025-08-24 01:11:36,person,0.5280293822288513,"[0.18262290954589844, 197.28213500976562, 44.38251495361328, 316.1401062011719]"
2025-08-24 01:11:36,handbag,0.3978348672389984,"[34.23386764526367, 265.5062561035156, 105.36088562011719, 325.2071228027344]"
2025-08-24 01:11:36,person,0.2788083255290985,"[578.6923217773438, 131.20211791992188, 600.2554321289062, 214.1378173828125]"
2025-08-24 01:11:36,person,0.7692938446998596,"[478.41192626953125, 114.46919250488281, 515.5399169921875, 240.1595916748047]"
2025-08-24 01:11:36,person,0.7584608197212219,"[310.5947265625, 160.090576171875, 337.07159423828125, 218.81680297851562]"
2025-08-24 01:11:36,person,0.7233392000198364,"[541.4981079101562, 102.05095672607422, 571.7559204101562, 240.56634521484375]"
2025-08-24 01:11:36,person,0.5232519507408142,"[0.1945972442626953, 197.34315490722656, 44.25053405761719, 316.2005310058594]"
2025-08-24 01:11:36,handbag,0.3996126651763916,"[34.36884307861328, 264.0938415527344, 105.33792877197266, 325.1691589355469]"
2025-08-24 01:11:36,person,0.2732870280742645,"[580.6378173828125, 130.2008514404297, 602.7747802734375, 220.52357482910156]"
2025-08-24 01:11:36,person,0.7861111760139465,"[307.08551025390625, 161.97097778320312, 334.5848388671875, 219.81539916992188]"
2025-08-24 01:11:36,person,0.7837069034576416,"[541.1959838867188, 101.64813232421875, 572.9302368164062, 242.4744873046875]"
2025-08-24 01:11:36,person,0.7494341135025024,"[478.3154296875, 114.59478759765625, 515.2874145507812, 240.371826171875]"
2025-08-24 01:11:36,person,0.5393476486206055,"[0.2156219482421875, 198.39059448242188, 44.869903564453125, 316.7195129394531]"
2025-08-24 01:11:36,handbag,0.43869203329086304,"[34.06081008911133, 263.37091064453125, 105.38397216796875, 325.5089111328125]"
2025-08-24 01:11:37,person,0.7753853797912598,"[307.4867858886719, 162.61196899414062, 332.5550842285156, 219.63644409179688]"
2025-08-24 01:11:37,person,0.7731530070304871,"[478.4884948730469, 114.32307434082031, 515.6494750976562, 240.1520233154297]"
2025-08-24 01:11:37,person,0.7496549487113953,"[541.1419067382812, 101.65386199951172, 572.0839233398438, 242.30947875976562]"
2025-08-24 01:11:37,person,0.5274239182472229,"[0.24011993408203125, 197.5828857421875, 44.22819519042969, 316.9906005859375]"
2025-08-24 01:11:37,handbag,0.40534546971321106,"[34.31393051147461, 263.6590270996094, 105.28642272949219, 325.1158752441406]"
2025-08-24 01:11:37,person,0.7920408248901367,"[540.9898681640625, 101.75362396240234, 572.754150390625, 243.78097534179688]"
2025-08-24 01:11:37,person,0.7544455528259277,"[478.3103942871094, 114.44076538085938, 514.947998046875, 240.52029418945312]"
2025-08-24 01:11:37,person,0.7321308255195618,"[306.0345153808594, 162.8247528076172, 330.4871520996094, 219.03550720214844]"
2025-08-24 01:11:37,person,0.4761677086353302,"[0.2810192108154297, 198.66790771484375, 44.878868103027344, 317.02972412109375]"
2025-08-24 01:11:37,handbag,0.38178518414497375,"[34.315223693847656, 266.2646179199219, 105.17212677001953, 325.2892150878906]"
2025-08-24 01:11:37,person,0.7663818597793579,"[478.4581604003906, 114.36433410644531, 515.5255126953125, 239.92323303222656]"
2025-08-24 01:11:37,person,0.7532516121864319,"[305.9215087890625, 159.9243621826172, 329.271240234375, 216.1787567138672]"
2025-08-24 01:11:37,person,0.7303282022476196,"[541.1434326171875, 102.41194152832031, 572.8385009765625, 242.18299865722656]"
2025-08-24 01:11:37,person,0.5003764033317566,"[0.2617511749267578, 197.5772247314453, 45.134315490722656, 316.9802551269531]"
2025-08-24 01:11:37,handbag,0.38488903641700745,"[34.12660217285156, 262.80572509765625, 105.3514404296875, 325.09881591796875]"
2025-08-24 01:11:37,person,0.7775421142578125,"[305.2372741699219, 161.01853942871094, 328.3777160644531, 218.17054748535156]"
2025-08-24 01:11:37,person,0.7555310726165771,"[541.0878295898438, 101.68687438964844, 573.0906372070312, 242.8177032470703]"
2025-08-24 01:11:37,person,0.7492721080780029,"[478.34796142578125, 114.26213836669922, 515.2507934570312, 240.3338623046875]"
2025-08-24 01:11:37,person,0.4999484717845917,"[0.26003265380859375, 198.06390380859375, 45.97740173339844, 317.22845458984375]"
2025-08-24 01:11:37,handbag,0.404494047164917,"[398.3150634765625, 158.60580444335938, 412.1317138671875, 185.49063110351562]"
2025-08-24 01:11:37,handbag,0.4043862223625183,"[34.118865966796875, 262.2021484375, 105.41220092773438, 325.31549072265625]"
2025-08-24 01:11:37,person,0.7540808916091919,"[478.5516052246094, 114.57025909423828, 515.3792724609375, 239.74273681640625]"
2025-08-24 01:11:37,person,0.7521884441375732,"[303.92791748046875, 159.685546875, 327.3717041015625, 217.39950561523438]"
2025-08-24 01:11:37,person,0.7059455513954163,"[541.2251586914062, 102.42791748046875, 572.1901245117188, 241.6595458984375]"
2025-08-24 01:11:37,person,0.4995846450328827,"[0.2684154510498047, 197.45211791992188, 45.37981414794922, 316.7976379394531]"
2025-08-24 01:11:37,handbag,0.39918726682662964,"[34.285797119140625, 260.8775634765625, 105.30448913574219, 325.11492919921875]"
2025-08-24 01:11:37,handbag,0.29499563574790955,"[396.39447021484375, 162.42141723632812, 410.27813720703125, 187.98733520507812]"
2025-08-24 01:11:37,handbag,0.27249979972839355,"[395.65008544921875, 142.17564392089844, 412.2144775390625, 195.01869201660156]"
2025-08-24 01:11:37,person,0.7559264302253723,"[478.40704345703125, 114.44611358642578, 515.4060668945312, 240.30322265625]"
2025-08-24 01:11:37,person,0.7424069046974182,"[302.30828857421875, 161.68443298339844, 325.19134521484375, 218.02354431152344]"
2025-08-24 01:11:37,person,0.7289395928382874,"[540.7708740234375, 101.94854736328125, 573.130126953125, 242.37884521484375]"
2025-08-24 01:11:37,person,0.5182819962501526,"[0.2930030822753906, 198.544677734375, 43.68589401245117, 317.43023681640625]"
2025-08-24 01:11:37,handbag,0.41278076171875,"[34.221920013427734, 261.9870300292969, 105.23532104492188, 325.1946105957031]"
2025-08-24 01:11:37,person,0.39414870738983154,"[393.9687194824219, 137.58859252929688, 412.2651672363281, 216.9442138671875]"
2025-08-24 01:11:37,handbag,0.30676963925361633,"[394.2162170410156, 164.8466796875, 409.6288146972656, 189.05499267578125]"
2025-08-24 01:11:37,person,0.7598356604576111,"[478.3509216308594, 114.48391723632812, 515.5677490234375, 239.99038696289062]"
2025-08-24 01:11:37,person,0.7363372445106506,"[302.35064697265625, 162.27590942382812, 323.8863525390625, 218.23019409179688]"
2025-08-24 01:11:37,person,0.7323415875434875,"[540.82568359375, 102.15866088867188, 573.4989013671875, 242.01553344726562]"
2025-08-24 01:11:37,person,0.5957054495811462,"[392.76873779296875, 135.99200439453125, 412.797607421875, 216.79135131835938]"
2025-08-24 01:11:37,person,0.5199159383773804,"[0.2513446807861328, 198.11233520507812, 44.65171813964844, 316.8401794433594]"
2025-08-24 01:11:37,handbag,0.40364786982536316,"[34.08823776245117, 261.3068542480469, 105.37757873535156, 325.1147766113281]"
2025-08-24 01:11:37,handbag,0.2623811662197113,"[393.34259033203125, 167.7267608642578, 407.0009765625, 190.92945861816406]"
2025-08-24 01:11:37,person,0.7933366298675537,"[298.8800354003906, 164.74664306640625, 321.1267395019531, 220.0909423828125]"
2025-08-24 01:11:37,person,0.7463046312332153,"[478.0257568359375, 113.92096710205078, 515.1192016601562, 240.88143920898438]"
2025-08-24 01:11:37,person,0.7228242754936218,"[540.5510864257812, 102.15179443359375, 573.1419067382812, 242.34860229492188]"
2025-08-24 01:11:37,person,0.7104137539863586,"[391.2495422363281, 135.03382873535156, 413.1335754394531, 216.48216247558594]"
2025-08-24 01:11:37,person,0.5297397971153259,"[0.28063392639160156, 198.3973846435547, 44.041107177734375, 319.68951416015625]"
2025-08-24 01:11:37,handbag,0.4477683901786804,"[34.18679428100586, 259.9530944824219, 105.32057189941406, 325.1478576660156]"
2025-08-24 01:11:37,person,0.7708516716957092,"[478.0201721191406, 113.49381256103516, 515.272216796875, 240.62109375]"
2025-08-24 01:11:37,person,0.7362844347953796,"[540.6693115234375, 102.6412124633789, 573.2802734375, 241.80926513671875]"
2025-08-24 01:11:37,person,0.7356945872306824,"[390.7989196777344, 135.46261596679688, 412.0411682128906, 215.55804443359375]"
2025-08-24 01:11:37,person,0.7287947535514832,"[299.5087585449219, 163.84524536132812, 319.8299255371094, 218.39163208007812]"
2025-08-24 01:11:37,person,0.5325829982757568,"[0.2575054168701172, 198.64013671875, 43.79302215576172, 316.66748046875]"
2025-08-24 01:11:37,handbag,0.41958290338516235,"[34.220516204833984, 260.9726257324219, 105.3765869140625, 325.0079650878906]"
2025-08-24 01:11:37,person,0.8369751572608948,"[390.16986083984375, 134.34210205078125, 412.75457763671875, 216.00491333007812]"
2025-08-24 01:11:37,person,0.8302235007286072,"[295.2549133300781, 163.886474609375, 317.4587097167969, 218.67449951171875]"
2025-08-24 01:11:37,person,0.7670958042144775,"[478.26470947265625, 114.35162353515625, 515.3231201171875, 240.25946044921875]"
2025-08-24 01:11:37,person,0.7323101162910461,"[540.334228515625, 102.11534881591797, 573.1641845703125, 241.92446899414062]"
2025-08-24 01:11:37,person,0.5243796706199646,"[0.2299652099609375, 198.63418579101562, 44.07813262939453, 316.9900207519531]"
2025-08-24 01:11:37,handbag,0.4477020800113678,"[34.382625579833984, 262.48077392578125, 105.27069091796875, 325.4105224609375]"
2025-08-24 01:11:37,person,0.8347836136817932,"[389.0138854980469, 133.08042907714844, 413.8855285644531, 216.72731018066406]"
2025-08-24 01:11:37,person,0.826431930065155,"[295.0425109863281, 161.80531311035156, 316.4165954589844, 217.7703399658203]"
2025-08-24 01:11:37,person,0.7657278180122375,"[478.1214904785156, 114.11161804199219, 515.5584716796875, 240.1699981689453]"
2025-08-24 01:11:37,person,0.7228102087974548,"[540.5751953125, 102.61135864257812, 572.6781005859375, 240.83517456054688]"
2025-08-24 01:11:37,person,0.5441735982894897,"[0.25966644287109375, 198.70632934570312, 43.389198303222656, 316.9969787597656]"
2025-08-24 01:11:37,handbag,0.43401190638542175,"[34.485843658447266, 262.40631103515625, 105.29290771484375, 325.0301513671875]"
2025-08-24 01:11:37,person,0.818694531917572,"[384.8498840332031, 133.105224609375, 413.5345764160156, 217.700927734375]"
2025-08-24 01:11:37,person,0.7861433625221252,"[291.0263977050781, 161.72938537597656, 315.8107604980469, 217.70030212402344]"
2025-08-24 01:11:37,person,0.7657476663589478,"[540.5482788085938, 102.28315734863281, 572.4534301757812, 241.1825408935547]"
2025-08-24 01:11:37,person,0.7466971278190613,"[477.76947021484375, 113.89559936523438, 514.82080078125, 240.72079467773438]"
2025-08-24 01:11:37,handbag,0.45325011014938354,"[34.37818145751953, 260.3463134765625, 105.37117767333984, 324.91522216796875]"
2025-08-24 01:11:37,person,0.4160473942756653,"[0.1771869659423828, 195.41549682617188, 45.11724090576172, 319.0445861816406]"
2025-08-24 01:11:37,person,0.7997283935546875,"[384.4549865722656, 132.04754638671875, 412.9538269042969, 217.40606689453125]"
2025-08-24 01:11:37,person,0.7954587340354919,"[288.40411376953125, 160.4883575439453, 315.69439697265625, 217.9137420654297]"
2025-08-24 01:11:37,person,0.7516683340072632,"[540.4345703125, 102.36163330078125, 572.6827392578125, 241.5225830078125]"
2025-08-24 01:11:37,person,0.7477191090583801,"[477.5560302734375, 113.93490600585938, 514.8980712890625, 240.71142578125]"
2025-08-24 01:11:37,person,0.47536858916282654,"[0.17423439025878906, 196.61463928222656, 44.49101257324219, 317.2468566894531]"
2025-08-24 01:11:37,handbag,0.44356033205986023,"[34.596046447753906, 260.7636413574219, 105.27240753173828, 325.0907287597656]"
2025-08-24 01:11:37,person,0.8316307067871094,"[382.177001953125, 132.07110595703125, 411.24481201171875, 216.9775390625]"
2025-08-24 01:11:37,person,0.7412790060043335,"[477.4730529785156, 113.88736724853516, 514.8737182617188, 240.74954223632812]"
2025-08-24 01:11:37,person,0.7294076085090637,"[283.2715148925781, 158.52218627929688, 312.8160705566406, 220.05416870117188]"
2025-08-24 01:11:37,person,0.7254444360733032,"[540.2804565429688, 102.53609466552734, 573.7861938476562, 241.20590209960938]"
2025-08-24 01:11:37,person,0.4432049095630646,"[0.1660938262939453, 196.14697265625, 44.13877868652344, 317.73809814453125]"
2025-08-24 01:11:37,handbag,0.4421820044517517,"[34.66324996948242, 262.4222717285156, 105.23658752441406, 325.0619201660156]"
2025-08-24 01:11:37,person,0.7939862608909607,"[378.31695556640625, 133.13148498535156, 411.85723876953125, 216.28700256347656]"
2025-08-24 01:11:37,person,0.737191915512085,"[477.3020935058594, 113.7265625, 514.9905395507812, 240.82846069335938]"
2025-08-24 01:11:37,person,0.7298648357391357,"[540.1583251953125, 102.39753723144531, 574.530517578125, 241.43406677246094]"
2025-08-24 01:11:37,person,0.702411949634552,"[279.7868347167969, 161.14894104003906, 309.5498352050781, 220.47691345214844]"
2025-08-24 01:11:37,person,0.5585837960243225,"[0.217041015625, 198.25119018554688, 43.380027770996094, 317.4761657714844]"
2025-08-24 01:11:37,handbag,0.4393470287322998,"[34.19512939453125, 262.2862854003906, 105.3526611328125, 325.2450256347656]"
2025-08-24 01:11:38,person,0.8058120012283325,"[373.34478759765625, 134.05740356445312, 412.01031494140625, 216.20306396484375]"
2025-08-24 01:11:38,person,0.7491071224212646,"[277.93719482421875, 161.98828125, 305.16156005859375, 220.8280029296875]"
2025-08-24 01:11:38,person,0.7323458790779114,"[477.4535827636719, 113.8665771484375, 514.8724365234375, 240.79666137695312]"
2025-08-24 01:11:38,person,0.6939047574996948,"[539.9186401367188, 102.51261138916016, 576.0695190429688, 240.90814208984375]"
2025-08-24 01:11:38,person,0.5126767158508301,"[0.1591968536376953, 198.50064086914062, 44.570411682128906, 315.6208801269531]"
2025-08-24 01:11:38,handbag,0.40814512968063354,"[34.09642028808594, 264.052978515625, 105.38301086425781, 325.17706298828125]"
2025-08-24 01:11:38,person,0.836280107498169,"[369.921875, 133.4890594482422, 414.21075439453125, 216.63587951660156]"
2025-08-24 01:11:38,person,0.7394370436668396,"[277.6173400878906, 161.95477294921875, 304.1775207519531, 220.5628662109375]"
2025-08-24 01:11:38,person,0.7336628437042236,"[540.11572265625, 102.85263061523438, 576.5443115234375, 241.32958984375]"
2025-08-24 01:11:38,person,0.7301545739173889,"[477.4242858886719, 113.7603988647461, 514.668701171875, 240.83633422851562]"
2025-08-24 01:11:38,person,0.5719499588012695,"[0.11063194274902344, 197.78028869628906, 43.510353088378906, 316.0404052734375]"
2025-08-24 01:11:38,handbag,0.45082536339759827,"[34.21767044067383, 261.7005310058594, 105.41413879394531, 325.1604309082031]"
2025-08-24 01:11:38,person,0.32682859897613525,"[23.297794342041016, 112.8223876953125, 64.07145690917969, 213.76870727539062]"
2025-08-24 01:11:38,person,0.8379338979721069,"[368.8593444824219, 133.89535522460938, 411.8987731933594, 215.86135864257812]"
2025-08-24 01:11:38,person,0.7313379645347595,"[477.3497619628906, 113.83396911621094, 514.7156372070312, 240.72572326660156]"
2025-08-24 01:11:38,person,0.6983745098114014,"[539.9832763671875, 102.92594146728516, 576.5699462890625, 240.92910766601562]"
2025-08-24 01:11:38,person,0.6652255654335022,"[276.959228515625, 160.10269165039062, 301.98388671875, 217.17007446289062]"
2025-08-24 01:11:38,person,0.5932815074920654,"[0.10738372802734375, 198.0489044189453, 43.35613250732422, 315.8751220703125]"
2025-08-24 01:11:38,handbag,0.44578033685684204,"[33.93270492553711, 261.54486083984375, 105.44705200195312, 325.11761474609375]"
2025-08-24 01:11:38,person,0.7729747891426086,"[367.4926452636719, 133.51918029785156, 403.2651672363281, 215.5530548095703]"
2025-08-24 01:11:38,person,0.7360198497772217,"[275.8701171875, 159.8932647705078, 301.57794189453125, 217.62193298339844]"
2025-08-24 01:11:38,person,0.7247975468635559,"[477.7447509765625, 114.07947540283203, 514.9022827148438, 240.5469970703125]"
2025-08-24 01:11:38,person,0.6716261506080627,"[540.1046752929688, 102.89481353759766, 576.2731323242188, 240.6654052734375]"
2025-08-24 01:11:38,person,0.5947656631469727,"[0.12134361267089844, 198.05093383789062, 43.11036682128906, 315.8092346191406]"
2025-08-24 01:11:38,handbag,0.4254951775074005,"[34.10609436035156, 261.8664245605469, 105.42561340332031, 325.1169738769531]"
2025-08-24 01:11:38,person,0.7524308562278748,"[272.5582275390625, 159.5240936279297, 301.06671142578125, 219.09596252441406]"
2025-08-24 01:11:38,person,0.7277189493179321,"[477.7102355957031, 114.64339447021484, 513.7388916015625, 239.51568603515625]"
2025-08-24 01:11:38,person,0.7026591300964355,"[365.7895812988281, 130.9688262939453, 395.3215026855469, 215.6909942626953]"
2025-08-24 01:11:38,person,0.6658204197883606,"[540.222900390625, 103.21280670166016, 575.41748046875, 240.21157836914062]"
2025-08-24 01:11:38,person,0.5630044341087341,"[0.1455841064453125, 197.97836303710938, 42.82975769042969, 316.3484191894531]"
2025-08-24 01:11:38,handbag,0.45903393626213074,"[34.14610290527344, 264.1242980957031, 105.36408996582031, 325.2049255371094]"
